<?xml version="1.0" encoding="UTF-8"?>
<project-private xmlns="http://www.netbeans.org/ns/project-private/1">
    <editor-bookmarks xmlns="http://www.netbeans.org/ns/editor-bookmarks/2" lastBookmarkId="0"/>
    <open-files xmlns="http://www.netbeans.org/ns/projectui-open-files/2">
        <group>
            <file>file:/C:/Users/Lopes/Downloads/Aulinha%20do%20Insaninho/src/aulinha/pkgdo/insaninho/MainCarro.java</file>
            <file>file:/C:/Users/Lopes/Downloads/Aulinha%20do%20Insaninho/src/aulinha/pkgdo/insaninho/Pessoa.java</file>
            <file>file:/C:/Users/Lopes/Downloads/Aulinha%20do%20Insaninho/src/aulinha/pkgdo/insaninho/main.java</file>
            <file>file:/C:/Users/Lopes/Downloads/Aulinha%20do%20Insaninho/src/aulinha/pkgdo/insaninho/ContaBancaria.java</file>
            <file>file:/C:/Users/Lopes/Downloads/Aulinha%20do%20Insaninho/src/aulinha/pkgdo/insaninho/MainPessoa.java</file>
            <file>file:/C:/Users/Lopes/Downloads/Aulinha%20do%20Insaninho/src/aulinha/pkgdo/insaninho/Carro.java</file>
            <file>file:/C:/Users/Lopes/Downloads/Aulinha%20do%20Insaninho/src/aulinha/pkgdo/insaninho/ManiLivro.java</file>
            <file>file:/C:/Users/Lopes/Downloads/Aulinha%20do%20Insaninho/src/aulinha/pkgdo/insaninho/Livro.java</file>
        </group>
    </open-files>
</project-private>
